objectid,filename,youtubeid,title,format,description,creator,recipient,date,date-is-approximate?,item_information,subject,location,latitude,longitude,related_publication,publisher-digital,source,findingaid,original-identifier,identifier,rights,rightsstatement,type,language,relation
fgcu_bhs_0063,fgcu_bhs_0063.jpg,,Miss Dunbar High,image/jpeg,"Photograph of Earthlean King, most likely from that year's yearbook, listing her as Miss Dunbar High., Physical materials included in the Lee County Black History Society digital collection can be found at the Lee County Black History Society, Fort Myers, FL.","King, Earthlean",,1948,,single-page; photographs,Dunbar High School; Yearbook; African American girl; African American schools,"(Lee County, Fla.); Fort Myers (Fla.)",,,,"University Archives and Special Collections, Florida Gulf Coast University, Fort Myers, Florida, USA","Lee County Black History Society, Fort Myers, Florida, USA",,,,In Copyright – Non-Commercial Use Permitted,http://rightsstatements.org/vocab/InC-NC/1.0/,Image,eng ,
fgcu_bhs_0066,fgcu_bhs_0066.jpg,,Mr. L.R. Wesley With Students,image/jpeg,"Photograph of Mr. Wesley at his desk with other students, Physical materials included in the Lee County Black History Society digital collection can be found at the Lee County Black History Society, Fort Myers, FL.","Wesley, Leroy",,,,single-page;photographs,Dunbar High School; African American teacher; African American students; Portrait photography,"(Lee County, Fla.); Fort Myers (Fla.)",,,,"University Archives and Special Collections, Florida Gulf Coast University, Fort Myers, Florida, USA","Lee County Black History Society, Fort Myers, Florida, USA",,,,In Copyright – Non-Commercial Use Permitted,http://rightsstatements.org/vocab/InC-NC/1.0/,Image ,eng ,
fgcu_bhs_0068,fgcu_bhs_0068.jpg,,Dunbar Cheerleaders of 1965,image/jpeg,"Photograph of the Dunbar cheerleaders in 1965., Physical materials included in the Lee County Black History Society digital collection can be found at the Lee County Black History Society, Fort Myers, FL.",,,1965,,single-page; photographs,Dunbar High School; African American schools; Cheerleading; Photographs,"(Lee County, Fla.); Fort Myers (Fla.)",,,,"University Archives and Special Collections, Florida Gulf Coast University, Fort Myers, Florida, USA","Lee County Black History Society, Fort Myers, Florida, USA",,,,In Copyright – Non-Commercial Use Permitted,http://rightsstatements.org/vocab/InC-NC/1.0/,Image,eng,
fgcu_bhs_0069,fgcu_bhs_0069.jpg,,Dunbar High School Progress Report,image/jpeg,"Progress report of Bertha Wilcox in the 12th grade., Physical materials included in the Lee County Black History Society digital collection can be found at the Lee County Black History Society, Fort Myers, FL.","Bertha, Wilcox",,1952,,single-page; photographs,Dunbar High School; African American schools; African American girlt; Report cards,"(Lee County, Fla.); Fort Myers (Fla.)",,,,"University Archives and Special Collections, Florida Gulf Coast University, Fort Myers, Florida, USA","Lee County Black History Society, Fort Myers, Florida, USA",,,,In Copyright – Non-Commercial Use Permitted,http://rightsstatements.org/vocab/InC-NC/1.0/,Image,eng,
fgcu_bhs_0073,fgcu_bhs_0073.pdf,,Cleo Hallique McNeill Dunbar High School Diploma,application/pdf,"High School diploma of Cleo Hallique McNeill with list of students in the class of 1936 at Dunbar High School., Physical materials included in the Lee County Black History Society digital collection can be found at the Lee County Black History Society, Fort Myers, FL.","McNeill, Cleo Hallique",,1936-06-04,,single-page; diplomat,High school; African American women.; Graduation; Diplomas,"(Lee County, Fla.); Fort Myers (Fla.)",,,,"University Archives and Special Collections, Florida Gulf Coast University, Fort Myers, Florida, USA","Lee County Black History Society, Fort Myers, Florida, USA",,,,In Copyright – Non-Commercial Use Permitted,http://rightsstatements.org/vocab/InC-NC/1.0/,Text,eng,
fgcu_bhs_0082,fgcu_bhs_0082.jpg,,Dunbar High School Marching Band,image/jpeg,"Photograph of Dunbar High School's marching band., Physical materials included in the Lee County Black History Society digital collection can be found at the Lee County Black History Society, Fort Myers, FL.",,,,,single-page; photographs,High school; African American; Marching bands; Photographs,"(Lee County, Fla.); Fort Myers (Fla.)",,,,"University Archives and Special Collections, Florida Gulf Coast University, Fort Myers, Florida, USA","Lee County Black History Society, Fort Myers, Florida, USA",,,,In Copyright – Non-Commercial Use Permitted,http://rightsstatements.org/vocab/InC-NC/1.0/,Image,eng ,
fgcu_bhs_0084,fgcu_bhs_0084.jpg,,Dunbar High School Football Team,image/jpeg,"Photograph of Dunbar High School's football team., Physical materials included in the Lee County Black History Society digital collection can be found at the Lee County Black History Society, Fort Myers, FL.",,,,,single-page; photographs,African American; Photographs.; High school; Football teams; African American men,"(Lee County, Fla.); Fort Myers (Fla.)",,,,"University Archives and Special Collections, Florida Gulf Coast University, Fort Myers, Florida, USA","Lee County Black History Society, Fort Myers, Florida, USA",,,,In Copyright – Non-Commercial Use Permitted,http://rightsstatements.org/vocab/InC-NC/1.0/,Image,eng,
fgcu_bhs_0090,fgcu_bhs_0090.jpg,,Marion Matthews Bennett - First Valedictorian,image/jpeg,"Photograph of Marion Matthews Bennet that reads Marion Matthews (Bennett) Dunbar's first Valedictorian Class of 1929 1st Graduating Class of 1929., Physical materials included in the Lee County Black History Society digital collection can be found at the Lee County Black History Society, Fort Myers, FL.",,,1929,,single-page; photographs,African American women; Portrait photography; Graduation; African American schools,"(Lee County, Fla.); Fort Myers (Fla.)",,,,"University Archives and Special Collections, Florida Gulf Coast University, Fort Myers, Florida, USA","Lee County Black History Society, Fort Myers, Florida, USA",,,,In Copyright – Non-Commercial Use Permitted,http://rightsstatements.org/vocab/InC-NC/1.0/,Image ,eng,
fgcu_bhs_0125,fgcu_bhs_0125.jpg,,Dunbar Elementary Easter Parade Float,image/jpeg,"Young girls are sitting on Dunbar Elementary float in the Easter parade, Physical materials included in the Lee County Black History Society digital collection can be found at the Lee County Black History Society, Fort Myers, FL.","Hall, Jamie, Carter, Sandra, Baher, Mary Alice, Eady, Charmaine, Choesborough, Ablatto",,,,single-page; photographs,Parades; Adolescent girls; Portrait photography,"(Lee County, Fla.); Fort Myers (Fla.)",,,,"University Archives and Special Collections, Florida Gulf Coast University, Fort Myers, Florida, USA","Lee County Black History Society, Fort Myers, Florida, USA",,,,In Copyright – Non-Commercial Use Permitted,http://rightsstatements.org/vocab/InC-NC/1.0/,Image,eng,
fgcu_bhs_0126,fgcu_bhs_0126.jpg,,Dunbar Elemenetary Third Grade Exhibit at the Southwest Florida Fair,image/jpeg,"Dunbar Elementary exhibit at the Southwest Florida Fair, Physical materials included in the Lee County Black History Society digital collection can be found at the Lee County Black History Society, Fort Myers, FL.","Brooks, N.L.",,,,single-page; photographs,African American schools; Special events; Fairs,"(Lee County, Fla.); Fort Myers (Fla.)",,,,"University Archives and Special Collections, Florida Gulf Coast University, Fort Myers, Florida, USA","Lee County Black History Society, Fort Myers, Florida, USA",,,,In Copyright – Non-Commercial Use Permitted,http://rightsstatements.org/vocab/InC-NC/1.0/,Image,eng,
fgcu_bhs_0130,fgcu_bhs_0130.jpg,,Dunbar Elementary 6th Grade Graduation,image/jpeg,"Students posed in bleachers for 6th Grade Graduation, Physical materials included in the Lee County Black History Society digital collection can be found at the Lee County Black History Society, Fort Myers, FL.",,,,,single-page; photographs,African American students; Elementary; Photography; Gradutes,"(Lee County, Fla.); Fort Myers (Fla.)",,,,"University Archives and Special Collections, Florida Gulf Coast University, Fort Myers, Florida, USA","Lee County Black History Society, Fort Myers, Florida, USA",,,,In Copyright – Non-Commercial Use Permitted,http://rightsstatements.org/vocab/InC-NC/1.0/,Image,eng,
fgcu_bhs_0131,fgcu_bhs_0131.jpg ,,Dunbar Elementary Safety Patrols with Principal Elizabeth Stallsworth,image/jpeg,"Students posed with principal for Safety Patrol, Physical materials included in the Lee County Black History Society digital collection can be found at the Lee County Black History Society, Fort Myers, FL.","Douglas, Thomas, Abraham, White, Nathaniel, Jones, Fuller, Steele, Jackie, Sims, Bobbye, Rogers, Druncilla, Stallsworth, Rogers, Scurry, Collington, Gloria Jean, Williams, Smith, Carolyn, Gollman, Stallsworth, Elizabeth G.",,,,single-page; photographs,African American educators; African American students; Elementary school principals,"(Lee County, Fla.); Fort Myers (Fla.)",,,,"University Archives and Special Collections, Florida Gulf Coast University, Fort Myers, Florida, USA","Lee County Black History Society, Fort Myers, Florida, USA",,,,In Copyright – Non-Commercial Use Permitted,http://rightsstatements.org/vocab/InC-NC/1.0/,Image,eng,
fgcu_bhs_0133,fgcu_bhs_0133.jpg,,Dunbar Elementary Future Musicians Club with Ms. Delores Anderson,image/jpeg,"Students posed for Future Musicians Club with Ms. Delores Anderson, Physical materials included in the Lee County Black History Society digital collection can be found at the Lee County Black History Society, Fort Myers, FL.",,,,,single-page; photographs,African American students; Photography; Elementary school,"(Lee County, Fla.); Fort Myers (Fla.)",,,,"University Archives and Special Collections, Florida Gulf Coast University, Fort Myers, Florida, USA","Lee County Black History Society, Fort Myers, Florida, USA",,,,In Copyright – Non-Commercial Use Permitted,http://rightsstatements.org/vocab/InC-NC/1.0/,Image,eng,
fgcu_bhs_0136,fgcu_bhs_0136.pdf,,Dunbar Elementary School May Day Activity Pamphlet,application/pdf,"Activity Program for Dunbar Elementary May Day, Physical materials included in the Lee County Black History Society digital collection can be found at the Lee County Black History Society, Fort Myers, FL.",,,1961-05-01,,single-page; pamphlet,African American elementary schools; African American teachers; Elementary school teachers,"(Lee County, Fla.); Fort Myers (Fla.)",,,,"University Archives and Special Collections, Florida Gulf Coast University, Fort Myers, Florida, USA","Lee County Black History Society, Fort Myers, Florida, USA",,,,In Copyright – Non-Commercial Use Permitted,http://rightsstatements.org/vocab/InC-NC/1.0/,Text,eng,
fgcu_bhs_0138,fgcu_bhs_0138.jpg,,Dunbar Elementary Future Doctor's Club with Mr. Lemore C. Mingo,image/jpeg,"Students posed for Future Doctor's Club with Mr. Lemore C. Mingo, Physical materials included in the Lee County Black History Society digital collection can be found at the Lee County Black History Society, Fort Myers, FL.",,,,,single-page; photographs,African American elementary schools; African American students; Portrait photography,"(Lee County, Fla.); Fort Myers (Fla.)",,,,"University Archives and Special Collections, Florida Gulf Coast University, Fort Myers, Florida, USA","Lee County Black History Society, Fort Myers, Florida, USA",,,,In Copyright – Non-Commercial Use Permitted,http://rightsstatements.org/vocab/InC-NC/1.0/,Image,eng,
fgcu_bhs_0139,fgcu_bhs_0139.jpg,,Dunbar Elementary Future Physical Education Club with Ms. Julia Landrum,image/jpeg,"Students posed for physical education club with Ms. Julia Landrum, Physical materials included in the Lee County Black History Society digital collection can be found at the Lee County Black History Society, Fort Myers, FL.","Landrum, Julia, Chaney, Larry, Agent Jr., George, Douglas, Henderson, Snyder, James, Smith, Ronald, Swan, Mike, Synder, Brown, Charlie, Brown, Gernavis",,,,single-page; photographs,African American elementary schools; African American students; Physical education and training,"(Lee County, Fla.); Fort Myers (Fla.)",,,,"University Archives and Special Collections, Florida Gulf Coast University, Fort Myers, Florida, USA","Lee County Black History Society, Fort Myers, Florida, USA",,,,In Copyright – Non-Commercial Use Permitted,http://rightsstatements.org/vocab/InC-NC/1.0/,Image,eng,
fgcu_bhs_0141,fgcu_bhs_0141.jpg,,Dunbar Elementary The Student Council and Patrol Club,image/jpeg,"Students posed for The Student Council and Patrol Club, Physical materials included in the Lee County Black History Society digital collection can be found at the Lee County Black History Society, Fort Myers, FL.","Mingo, Lemore C.",,,,single-page;photographs,African American elementary schools; African American students; Portrait photography,"(Lee County, Fla.); Fort Myers (Fla.)",,,,"University Archives and Special Collections, Florida Gulf Coast University, Fort Myers, Florida, USA","Lee County Black History Society, Fort Myers, Florida, USA",,,,In Copyright – Non-Commercial Use Permitted,http://rightsstatements.org/vocab/InC-NC/1.0/,Image ,eng,
fgcu_bhs_0143,fgcu_bhs_0143.jpg,,Dunbar Elementary The Future Secretaries Club with Ms. Paulette Hightower,image/jpeg,"Students posed for the Future Secretaries Club with Ms. Paulette Hightower, Physical materials included in the Lee County Black History Society digital collection can be found at the Lee County Black History Society, Fort Myers, FL.","Hightower, Paulette H., McCray, Sug, Thomas, Abraham, Smith, Carolyn, Hall, Janie, Grimsley, Ann Will, Idlette, Mary, Mims, Thelma",,,,single-page; photographs,African American elementary schools; African American school children; Portrait photography,"(Lee County, Fla.); Fort Myers (Fla.)",,,,"University Archives and Special Collections, Florida Gulf Coast University, Fort Myers, Florida, USA","Lee County Black History Society, Fort Myers, Florida, USA",,,,In Copyright – Non-Commercial Use Permitted,http://rightsstatements.org/vocab/InC-NC/1.0/,Image,eng,
fgcu_bhs_0147,fgcu_bhs_0147.jpg,,Dunbar Elementary The Future Social Workers Club with Mrs. Ida Davies,image/jpeg,"Students posed for the Future Social Workers Club with Mrs. Ida Davies, Physical materials included in the Lee County Black History Society digital collection can be found at the Lee County Black History Society, Fort Myers, FL.","Davies, Ida, Everett, Sims, Barbara, Way, Hope",,,,single-page;photographs,African American students; Clubs; Portrait photography,"(Lee County, Fla.); Fort Myers (Fla.)",,,,"University Archives and Special Collections, Florida Gulf Coast University, Fort Myers, Florida, USA","Lee County Black History Society, Fort Myers, Florida, USA",,,,In Copyright – Non-Commercial Use Permitted,http://rightsstatements.org/vocab/InC-NC/1.0/,Image ,eng,
fgcu_bhs_0148,fgcu_bhs_0148.jpg,,Dunbar Elementary Cub Scouts with Mrs. Lossie Pearson,image/jpeg,"Students posed for the Cub Scouts with Mrs. Lossie Pearson, Physical materials included in the Lee County Black History Society digital collection can be found at the Lee County Black History Society, Fort Myers, FL.","Pearson, Lossie M., Black, Kier, Teal, Chester, Fields, Bennett, Frank",,,,single-page;photographs,Cub Scouts; Portrait photography; Children--Societies and clubs,"(Lee County, Fla.); Fort Myers (Fla.)",,,,"University Archives and Special Collections, Florida Gulf Coast University, Fort Myers, Florida, USA","Lee County Black History Society, Fort Myers, Florida, USA",,,,In Copyright – Non-Commercial Use Permitted,http://rightsstatements.org/vocab/InC-NC/1.0/,Image ,eng,
fgcu_bhs_0150,fgcu_bhs_0150.jpg,,Dunbar Elementary Brownie Scouts with Mrs. Lossie Pearson,image/jpeg,"Students posed for The Brownie Scouts with Mrs. Lossie Pearson, Physical materials included in the Lee County Black History Society digital collection can be found at the Lee County Black History Society, Fort Myers, FL.","Students posed for The Brownie Scouts with Mrs. Lossie Pearson, Physical materials included in the Lee County Black History Society digital collection can be found at the Lee County Black History Society, Fort Myers, FL.",,,,single-page; photographs,Brownie Girl Scouts; African American students; Photo photography,"(Lee County, Fla.); Fort Myers (Fla.)",,,,"University Archives and Special Collections, Florida Gulf Coast University, Fort Myers, Florida, USA","Lee County Black History Society, Fort Myers, Florida, USA",,,,In Copyright – Non-Commercial Use Permitted,http://rightsstatements.org/vocab/InC-NC/1.0/,Image,eng,
fgcu_bhs_0153,fgcu_bhs_0153.jpg,,Dunbar Elementary 3rd Grade Train Trip to Sand Mountain,image/jpeg,"Students posed in front of train car for 3rd grade trip to Sand Mountain Fort Meade, Fla, Physical materials included in the Lee County Black History Society digital collection can be found at the Lee County Black History Society, Fort Myers, FL.","Canady, Evelyn Sams",,,,single-page; photographs,African Ameican students; Railroad trains; School field trips,"(Lee County, Fla.); Fort Myers (Fla.)",,,,"University Archives and Special Collections, Florida Gulf Coast University, Fort Myers, Florida, USA","Lee County Black History Society, Fort Myers, Florida, USA",,,,In Copyright – Non-Commercial Use Permitted,http://rightsstatements.org/vocab/InC-NC/1.0/,Image,eng,
fgcu_bhs_0157,fgcu_bhs_0157.jpg,,Dunbar Elementary Students at Train Car,image/jpeg,"Children posed at front of train car, Physical materials included in the Lee County Black History Society digital collection can be found at the Lee County Black History Society, Fort Myers, FL.",,,1951,,single-page; photographs,African American children; Railroad trains; Portrait photography,"(Lee County, Fla.); Fort Myers (Fla.)",,,,"University Archives and Special Collections, Florida Gulf Coast University, Fort Myers, Florida, USA","Lee County Black History Society, Fort Myers, Florida, USA",,,,In Copyright – Non-Commercial Use Permitted,http://rightsstatements.org/vocab/InC-NC/1.0/,Image,eng,
fgcu_bhs_0163,fgcu_bhs_0163.jpg,,1968-69 Dunbar Elementary School Queen Stephanie Stephens with Lorenza Young,image/jpeg,"Newspaper clipping of Stephanie Stephens with Lorenza Young for Dunbar Elementary School Queen, Physical materials included in the Lee County Black History Society digital collection can be found at the Lee County Black History Society, Fort Myers, FL.","Stephens, Stephanie, Young, Lorenza,",,1968,,single-page; photographs,Newspaper; African American women; Portrait photography,"(Lee County, Fla.); Fort Myers (Fla.)",,,News-Press,"University Archives and Special Collections, Florida Gulf Coast University, Fort Myers, Florida, USA","Lee County Black History Society, Fort Myers, Florida, USA",,,,In Copyright – Non-Commercial Use Permitted,http://rightsstatements.org/vocab/InC-NC/1.0/,Image,eng,
fgcu_bhs_0181,fgcu_bhs_0181.jpg,,Dunbar Elementary School Photos for Six Children,image/jpeg,"School photos for six children, Physical materials included in the Lee County Black History Society digital collection can be found at the Lee County Black History Society, Fort Myers, FL.","Henry, Alice, Idlette, Marie, McCray, Zynan, Hunt, Julia, Ross, William, Walker, Aundrey",,,,single-page; photographs,Portrait photography; African American students; African American schools,"(Lee County, Fla.); Fort Myers (Fla.)",,,,"University Archives and Special Collections, Florida Gulf Coast University, Fort Myers, Florida, USA","Lee County Black History Society, Fort Myers, Florida, USA",,,,In Copyright – Non-Commercial Use Permitted,http://rightsstatements.org/vocab/InC-NC/1.0/,Image,eng,
fgcu_bhs_0182,fgcu_bhs_0182.jpg,,Dunbar Elementary School Play,image/jpeg,"School play at Dunbar Elementary, Physical materials included in the Lee County Black History Society digital collection can be found at the Lee County Black History Society, Fort Myers, FL.",,,1965-12-01,,single-page; photographs,School plays; Plays for children; African American elementary students,"(Lee County, Fla.); Fort Myers (Fla.)",,,,"University Archives and Special Collections, Florida Gulf Coast University, Fort Myers, Florida, USA","Lee County Black History Society, Fort Myers, Florida, USA",,,,In Copyright – Non-Commercial Use Permitted,http://rightsstatements.org/vocab/InC-NC/1.0/,Image,eng,
fgcu_bhs_0185,fgcu_bhs_0185.jpg,,Dunbar Elementary School Future Writers and Poets Club with Mr. Marvin Davies,image/jpeg,"Students posed for The Future Writers and Poets Club with Mr. Marvin Davies, Physical materials included in the Lee County Black History Society digital collection can be found at the Lee County Black History Society, Fort Myers, FL.","Davies, Marvin, McCray, Zynan, Butter, James, Jackson, Elaine, Ingram, Dorothy, Seward, Linda",,,,single-page; photographs,Education; Clubs; African American students; Photography,"(Lee County, Fla.); Fort Myers (Fla.)",,,,"University Archives and Special Collections, Florida Gulf Coast University, Fort Myers, Florida, USA","Lee County Black History Society, Fort Myers, Florida, USA",,,,In Copyright – Non-Commercial Use Permitted,http://rightsstatements.org/vocab/InC-NC/1.0/,Image,eng,
fgcu_bhs_0207,fgcu_bhs_0207.jpg,,Dunbar Elementary Future Artists Club with Ms. Constnace Barber,image/jpeg,"Students posed for the Future Artists Club with Ms. Constance Barber, Physical materials included in the Lee County Black History Society digital collection can be found at the Lee County Black History Society, Fort Myers, FL.","Barber, Constance",,,,single-page;photographs,African American school children; Portrait photography; African American adults,"(Lee County, Fla.); Fort Myers (Fla.)",,,,"University Archives and Special Collections, Florida Gulf Coast University, Fort Myers, Florida, USA","Lee County Black History Society, Fort Myers, Florida, USA",,,,In Copyright – Non-Commercial Use Permitted,http://rightsstatements.org/vocab/InC-NC/1.0/,Image,eng ,
fgcu_bhs_0208,fgcu_bhs_0208.jpg,,Dunbar Elementary Future Nurses Club with Mrs. Louise Hamilton,image/jpeg,"Students posed for the Future Nurses with Mrs. Louis Hamilton, Physical materials included in the Lee County Black History Society digital collection can be found at the Lee County Black History Society, Fort Myers, FL.","Hamilton, Louise, Jones, Ernicee, Alice, Rountree, Curry, Johnnie Mae, Idlette, Stallsworth, Pamela",,,,single-page; photographs,African American school children; Portrait photography; African American adults,"(Lee County, Fla.); Fort Myers (Fla.)",,,,"University Archives and Special Collections, Florida Gulf Coast University, Fort Myers, Florida, USA","Lee County Black History Society, Fort Myers, Florida, USA",,,,In Copyright – Non-Commercial Use Permitted,http://rightsstatements.org/vocab/InC-NC/1.0/,Image,eng,
fgcu_bhs_0209,fgcu_bhs_0209.jpg,,Dunbar Elementary Future Teachers Club with Mrs. Mary Moore Smith,image/jpeg,"Students posed for the Future Teachers Club with Mrs. Mary Moore Smith, Physical materials included in the Lee County Black History Society digital collection can be found at the Lee County Black History Society, Fort Myers, FL.","Golden, Lutricia, Browning, Ted, Hall, Jamie, Hall, Victor, Hayden, Bobbie Jean, Bradwell, Dale, Wilcox, Wesley, Joan, Huggins, Bobby, Scurry, Harriett, Curter, Sandra, Smith, Mary Moore",,,,single-page; photographs,African American school children; Students and teacher; Portrait photography,"(Lee County, Fla.); Fort Myers (Fla.)",,,,"University Archives and Special Collections, Florida Gulf Coast University, Fort Myers, Florida, USA","Lee County Black History Society, Fort Myers, Florida, USA",,,,In Copyright – Non-Commercial Use Permitted,http://rightsstatements.org/vocab/InC-NC/1.0/,Image,eng,
fgcu_bhs_0210,fgcu_bhs_0210.jpg,,Dunbar Elementary Future Cooks and Bakers with Mrs. Josie W. Parks,image/jpeg,"Students posed for the Future Cooks and Bakers with Mrs. Josie W. Parks, Physical materials included in the Lee County Black History Society digital collection can be found at the Lee County Black History Society, Fort Myers, FL.","Parks, Josie W., Steele, Jackie, Jones, Mims, Carter, Sandra, Douglas, Evon, Bradwell, Veronica, Block, Linda",,,,single-page; photographs,African American school children; Students and teacher; Portrait photography,"(Lee County, Fla.); Fort Myers (Fla.)",,,,"University Archives and Special Collections, Florida Gulf Coast University, Fort Myers, Florida, USA","Lee County Black History Society, Fort Myers, Florida, USA",,,,In Copyright – Non-Commercial Use Permitted,http://rightsstatements.org/vocab/InC-NC/1.0/,Image,eng,
fgcu_bhs_0211,fgcu_bhs_0211.jpg,,Dunbar Elementary Future Librarians with Mrs. Christine Battle,image/jpeg,"Students posed for the Future Librarians Club with Mrs. Christine Battle, Physical materials included in the Lee County Black History Society digital collection can be found at the Lee County Black History Society, Fort Myers, FL.","Battle, Christine, Thurman, Young, Pete, Fuller",,,,single-page; photographs,African American school children; Students and teacher; Portrait photography,"(Lee County, Fla.); Fort Myers (Fla.)",,,,"University Archives and Special Collections, Florida Gulf Coast University, Fort Myers, Florida, USA","Lee County Black History Society, Fort Myers, Florida, USA",,,,In Copyright – Non-Commercial Use Permitted,http://rightsstatements.org/vocab/InC-NC/1.0/,Image,eng,
fgcu_bhs_0212,fgcu_bhs_0212.jpg,,"Dunbar Elementary Safety Patrols with Mr. George Pierce, Mrs. Miriam Campbell, and Principal Stallsworth",image/jpeg,"Students posed for Safety Patrols with Mr. George Pierce, Mrs. Miriam Campbell, and Principal Elizabeth Stallsworth, Physical materials included in the Lee County Black History Society digital collection can be found at the Lee County Black History Society, Fort Myers, FL.","Pierce, George, Campbell, Miriam, Stallsworth, Elizabeth G., Stallsworth, Pamela, Walker, James, Walker, Aundrey, Hall, James Kent, Cass, Lucy, Jean, Gloria",,,,single-page; photographs,African American children; Portrait photography; Faculty (Education),"(Lee County, Fla.); Fort Myers (Fla.)",,,,"University Archives and Special Collections, Florida Gulf Coast University, Fort Myers, Florida, USA","Lee County Black History Society, Fort Myers, Florida, USA",,,,In Copyright – Non-Commercial Use Permitted,http://rightsstatements.org/vocab/InC-NC/1.0/,Image,eng,
fgcu_bhs_0213,fgcu_bhs_0213.jpg,,Dunbar Elementary May Day Pageant with King and Queen,image/jpeg,"Students posed for May Day pageant, Physical materials included in the Lee County Black History Society digital collection can be found at the Lee County Black History Society, Fort Myers, FL.","Sims, Bobbye, Steel, Jacqueline, Way, Hope, Cosby, Samuel, Freeman, Delena, Smith, Carolyn, Williams, Barbara, Hamilton, Judith, Butler, James, Fuller, Virgil, Thomas, Abraham, Walker, Aundrey, Woodberry Jr., Howard, Davis, Paul, Douglas, Samuel, Teal, Chester",,,,single-page; photographs,African American school children; Portrait photography; May Day,"(Lee County, Fla.); Fort Myers (Fla.)",,,,"University Archives and Special Collections, Florida Gulf Coast University, Fort Myers, Florida, USA","Lee County Black History Society, Fort Myers, Florida, USA",,,,In Copyright – Non-Commercial Use Permitted,http://rightsstatements.org/vocab/InC-NC/1.0/,Image ,eng,
fgcu_bhs_0214,fgcu_bhs_0214.jpg,,Dunbar Elementary Students School Photos,image/jpeg,"Students school photos, Physical materials included in the Lee County Black History Society digital collection can be found at the Lee County Black History Society, Fort Myers, FL.","Stevens, Gwendolyn, Churchwell, Norma Jean, Shoemaker, Mattie, Hall, Helen, Stephens, Stephanie, Weston, John Henry, Tyson, Ruby, Stephens, Kim, Gwendolyn, Stephenson, Tyson, Tangelia",,,,single-page; photographs,African American children; African American school children; African American elementary schools; Portrait photography,"(Lee County, Fla.); Fort Myers (Fla.)",,,,"University Archives and Special Collections, Florida Gulf Coast University, Fort Myers, Florida, USA","Lee County Black History Society, Fort Myers, Florida, USA",,,,In Copyright – Non-Commercial Use Permitted,http://rightsstatements.org/vocab/InC-NC/1.0/,Image,eng,
fgcu_bhs_0224,fgcu_bhs_0224.jpg,,Dunbar Elementary scene from performance titled Silhouettes in Rhythm,image/jpeg,"Children in costumes for perfomance titled Silhouettes in Rhythms, Physical materials included in the Lee County Black History Society digital collection can be found at the Lee County Black History Society, Fort Myers, FL.","Douglas, Samuel, Golden, Lutricia, Teal, Chester, Davis, Paul, Walker, Aundrey, Idlette, Mary",,,,single-page; photographs,African American children; Children's costumes; Performance,"(Lee County, Fla.); Fort Myers (Fla.)",,,,"University Archives and Special Collections, Florida Gulf Coast University, Fort Myers, Florida, USA","Lee County Black History Society, Fort Myers, Florida, USA",,,,In Copyright – Non-Commercial Use Permitted,http://rightsstatements.org/vocab/InC-NC/1.0/,Image,eng,
fgcu_bhs_0231,fgcu_bhs_0231.jpg,,Young Black Girl Posed for Program at Dunbar Elementary,image/jpeg,"Young black girl posed for photo, Physical materials included in the Lee County Black History Society digital collection can be found at the Lee County Black History Society, Fort Myers, FL.",,,,,single-page; photographs,African American girls; Portrait photography; Female adolescents,"(Lee County, Fla.); Fort Myers (Fla.)",,,,"University Archives and Special Collections, Florida Gulf Coast University, Fort Myers, Florida, USA","Lee County Black History Society, Fort Myers, Florida, USA",,,,In Copyright – Non-Commercial Use Permitted,http://rightsstatements.org/vocab/InC-NC/1.0/,Image,eng,
fgcu_bhs_0232,fgcu_bhs_0232.jpg,,Young boy posed for Program at Dunbar Elementary,image/jpeg,"Young boy posed for photo, Physical materials included in the Lee County Black History Society digital collection can be found at the Lee County Black History Society, Fort Myers, FL.",,,,,single-page; photographs,African American boy; Portrait photography; Male adolescents,"(Lee County, Fla.); Fort Myers (Fla.)",,,,"University Archives and Special Collections, Florida Gulf Coast University, Fort Myers, Florida, USA","Lee County Black History Society, Fort Myers, Florida, USA",,,,In Copyright – Non-Commercial Use Permitted,http://rightsstatements.org/vocab/InC-NC/1.0/,Image,eng,
fgcu_bhs_0243,fgcu_bhs_0243.jpg,,"Dunbar Elementary Kindergarten, First, and Second Graders",image/jpeg,"Students posed for photo kindergarten, first, and second graders, Physical materials included in the Lee County Black History Society digital collection can be found at the Lee County Black History Society, Fort Myers, FL.","White, Nathaniel, Street, Johnny, Hall, Kent, Scott, Essie, Robinson, Roberta, Myers, Harriet, Woodberry Jr., Howard, Simmons, Bobby",,1954,,single-page; photographs,African American students; African American elementary schools; Portrait photography,"(Lee County, Fla.); Fort Myers (Fla.)",,,,"University Archives and Special Collections, Florida Gulf Coast University, Fort Myers, Florida, USA","Lee County Black History Society, Fort Myers, Florida, USA",,,,In Copyright – Non-Commercial Use Permitted,http://rightsstatements.org/vocab/InC-NC/1.0/,Image,eng,
fgcu_bhs_0247,fgcu_bhs_0247.pdf,,Letter from the PTA about the Dunbar Heights Little League,application/pdf,"A letter from the Parent-Teacher Association requesting a donation to support the Dunbar Heights Little League., Physical materials included in the Lee County Black History Society digital collection can be found at the Lee County Black History Society, Fort Myers, FL","Shoemaker, Veronica, Green, Willie, Ware, Walter, Parent-Teacher Association of Dunbar Elementary School",,1967-06-12,,single-page; letter,Letters; Parents' and teachers' association; Little League baseball,"(Lee County, Fla.); Fort Myers (Fla.)",,,,"University Archives and Special Collections, Florida Gulf Coast University, Fort Myers, Florida, USA","Lee County Black History Society, Fort Myers, Florida, USA",,,,In Copyright – Non-Commercial Use Permitted,http://rightsstatements.org/vocab/InC-NC/1.0/,Text,eng,
fgcu_bhs_0259,fgcu_bhs_0259.pdf,,Christmas Program,application/pdf,"Agenda for a Christmas program, Physical materials included in the Lee County Black History Society digital collection can be found at the Lee County Black History Society, Fort Myers, FL.","Shoemaker, Veronica, Gadd, Charles R.",,1966-12-08,,single-page; agenda,Documents; Christmas; African American elementary schools,"(Lee County, Fla.); Fort Myers (Fla.)",,,,"University Archives and Special Collections, Florida Gulf Coast University, Fort Myers, Florida, USA","Lee County Black History Society, Fort Myers, Florida, USA",,,,In Copyright – Non-Commercial Use Permitted,http://rightsstatements.org/vocab/InC-NC/1.0/,Text,eng,
fgcu_bhs_0286,fgcu_bhs_0286.jpg,,Dunbar Elementary Halloween Carnival,image/jpeg,"Flyer for the Dunbar Elementary School carnival, Physical materials included in the Lee County Black History Society digital collection can be found at the Lee County Black History Society, Fort Myers, FL.",,,,,single-page; photographs,Advertising fliers; Carnival; African Americane elementary school,"(Lee County, Fla.); Fort Myers (Fla.)",,,,"University Archives and Special Collections, Florida Gulf Coast University, Fort Myers, Florida, USA","Lee County Black History Society, Fort Myers, Florida, USA",,,,In Copyright – Non-Commercial Use Permitted,http://rightsstatements.org/vocab/InC-NC/1.0/,Image,eng,
fgcu_bhs_0298,fgcu_bhs_0298.jpg,,Tenth Annual Spelling Bee Program,image/jpeg,"A program for the tenth annual spelling be a Dunbar Elementary School, Physical materials included in the Lee County Black History Society digital collection can be found at the Lee County Black History Society, Fort Myers, FL.",,,1966-05-09,,single-page; photographs,Spelling bees; African American elementary schools; Resource programs (Education),"(Lee County, Fla.); Fort Myers (Fla.)",,,,"University Archives and Special Collections, Florida Gulf Coast University, Fort Myers, Florida, USA","Lee County Black History Society, Fort Myers, Florida, USA",,,,In Copyright – Non-Commercial Use Permitted,http://rightsstatements.org/vocab/InC-NC/1.0/,Image,eng,
fgcu_bhs_0305,fgcu_bhs_0305.jpg,,Project Head Start at Dunbar Elementary School with Mrs.Nixon's Class,image/jpeg,"Head Start class at Dunbar Elementary School. Students are sitting at a table in Mrs. Nixon's class, Physical materials included in the Lee County Black History Society digital collection can be found at the Lee County Black History Society, Fort Myers, FL.",Mrs. Nixon,,,,single-page; photographs,Portrait photography; African American school children; Classroom environment,"(Lee County, Fla.); Fort Myers (Fla.)",,,,"University Archives and Special Collections, Florida Gulf Coast University, Fort Myers, Florida, USA","Lee County Black History Society, Fort Myers, Florida, USA",,,,In Copyright – Non-Commercial Use Permitted,http://rightsstatements.org/vocab/InC-NC/1.0/,Image,eng,
fgcu_bhs_0322,fgcu_bhs_0322.jpg,,Dunbar Elementary School Glee Club Performing at District IX Workshop,image/jpeg,"Dunbar Elementary School's Glee Club performing for at the District IX Fall Workshop, Physical materials included in the Lee County Black History Society digital collection can be found at the Lee County Black History Society, Fort Myers, FL.",,,,,single-page; photographs,African American elementary schools; African American children; African American school children,"(Lee County, Fla.); Fort Myers (Fla.)",,,,"University Archives and Special Collections, Florida Gulf Coast University, Fort Myers, Florida, USA","Lee County Black History Society, Fort Myers, Florida, USA",,,,In Copyright – Non-Commercial Use Permitted,http://rightsstatements.org/vocab/InC-NC/1.0/,Image,eng,
fgcu_bhs_0336,fgcu_bhs_0336.jpg,,"Two Students Outside Dunbar High School, 1937",image/jpeg,"Two students outside Dunbar High School, Physical materials included in the Lee County Black History Society digital collection can be found at the https://www.leecountyblackhistorysociety.org/, Fort Myers, FL.",,,1937,,single-page; photographs,Head Start programs; African American elementary schools; Education of children,"(Lee County, Fla.); Fort Myers (Fla.)",,,,"University Archives and Special Collections, Florida Gulf Coast University, Fort Myers, Florida, USA","Lee County Black History Society, Fort Myers, Florida, USA",,,,In Copyright – Non-Commercial Use Permitted,http://rightsstatements.org/vocab/InC-NC/1.0/,Image,eng,
fgcu_bhs_0427,fgcu_bhs_0427.pdf,,"Dunbar High, Oh Dunbar High, You Taught Your Children Well",application/pdf,"Dunbar High School's song. Dunbar, High, Oh Dunbar High Your Children Well, Physical materials included in the Lee County Black History Society digital collection can be found at the https://www.leecountyblackhistorysociety.org/, Fort Myers, FL.",,,,,single-page; pamphlet,Alma maters (songs); School music; African American schools,"(Lee County, Fla.); Fort Myers (Fla.)",,,,"University Archives and Special Collections, Florida Gulf Coast University, Fort Myers, Florida, USA","Lee County Black History Society, Fort Myers, Florida, USA",,,,In Copyright – Non-Commercial Use Permitted,http://rightsstatements.org/vocab/InC-NC/1.0/,Text,eng,
fgcu_bhs_0433,fgcu_bhs_0433.jpg,,Dunbar's First Football Team,image/jpeg,"Dunbar's First Football Team, Physical materials included in the Lee County Black History Society digital collection can be found at the https://www.leecountyblackhistorysociety.org/, Fort Myers, FL.",,,1931,,single-page;photographs,African American schools; African American (Athletics); Football teams,"(Lee County, Fla.); Fort Myers (Fla.)",,,,"University Archives and Special Collections, Florida Gulf Coast University, Fort Myers, Florida, USA","Lee County Black History Society, Fort Myers, Florida, USA",,,,In Copyright – Non-Commercial Use Permitted,http://rightsstatements.org/vocab/InC-NC/1.0/,Image,eng,
fgcu_bhs_0434,fgcu_bhs_0434.jpg,,"List of Dunbar High School Graduates, 1930-1934",image/jpeg,"List of Dunbar High School Graduates 1930, 1931, 1933, 1934, Physical materials included in the Lee County Black History Society digital collection can be found at the https://www.leecountyblackhistorysociety.org/, Fort Myers, FL.",,,1930-1934,,single-page; photographs,African American high school students; African American schools; High school graduates,"(Lee County, Fla.); Fort Myers (Fla.)",,,,"University Archives and Special Collections, Florida Gulf Coast University, Fort Myers, Florida, USA","Lee County Black History Society, Fort Myers, Florida, USA",,,,In Copyright – Non-Commercial Use Permitted,http://rightsstatements.org/vocab/InC-NC/1.0/,Image,eng,
fgcu_bhs_0442,fgcu_bhs_0442.jpg,,Flora Hamilton and James Smith win Prom Queen and King,image/jpeg,"Walter Williams, Flora Hamilton (Queen) and James Smith (King) at the Class of 1942 prom. McCollum Hall, Jessie Bennett (Teacher), Physical materials included in the Lee County Black History Society digital collection can be found at the https://www.leecountyblackhistorysociety.org/, Fort Myers, FL.","Williams, Walter, Hamilton, Flora, Smith, James, Hall, McCollum, Bennett, Jessie",,1942,,single-page;photographs,Proms; African American high school students; African American educators,"(Lee County, Fla.); Fort Myers (Fla.)",,,,"University Archives and Special Collections, Florida Gulf Coast University, Fort Myers, Florida, USA","Lee County Black History Society, Fort Myers, Florida, USA",,,,In Copyright – Non-Commercial Use Permitted,http://rightsstatements.org/vocab/InC-NC/1.0/,Image,eng,
fgcu_bhs_0459,fgcu_bhs_0459.jpg,,Miss E.B Mitchell's Class Recital,image/jpeg,"Program for Miss E.B. Mitchell's primary and elemnetary piano pupils performing at Mt. Olive A.M.E. Church on April 25, 1949 at 8pm, Physical materials included in the Lee County Black History Society digital collection can be found at the https://www.leecountyblackhistorysociety.org/, Fort Myers, FL.","Michell, E.B.",,1949-04-25,,single-page;photographs,African American school children; Dunbar High School,"(Lee County, Fla.); Fort Myers (Fla.)",,,,"University Archives and Special Collections, Florida Gulf Coast University, Fort Myers, Florida, USA","Lee County Black History Society, Fort Myers, Florida, USA",,,,In Copyright – Non-Commercial Use Permitted,http://rightsstatements.org/vocab/InC-NC/1.0/,Image,eng,
fgcu_bhs_0463,fgcu_bhs_0463.jpg,,School Advertisements,image/jpeg,"Excerpt that includes advertisements for Dunbar Elementary School, Frankline Park Elementary School, and Dunbar High School. , Physical materials included in the Lee County Black History Society digital collection can be found at the https://www.leecountyblackhistorysociety.org/, Fort Myers, FL.",,,,,single-page; photographs,Student newspapers and periodicals; African American schools; Advertising,"(Lee County, Fla.); Fort Myers (Fla.)",,,,"University Archives and Special Collections, Florida Gulf Coast University, Fort Myers, Florida, USA","Lee County Black History Society, Fort Myers, Florida, USA",,,,In Copyright – Non-Commercial Use Permitted,http://rightsstatements.org/vocab/InC-NC/1.0/,Image,eng,
fgcu_bhs_0465,fgcu_bhs_0465.pdf,,Dunbar High School Alma Mater,application/pdf,"Dunbar HIgh School Alma Mater written by HAzel Allonetta Shanks, Physical materials included in the Lee County Black History Society digital collection can be found at the https://www.leecountyblackhistorysociety.org/, Fort Myers, FL.","Shanks, Hazel Allonetta",,,,single-page; pamphlet,Alma maters (songs); School music; African American schools,"(Lee County, Fla.); Fort Myers (Fla.)",,,,"University Archives and Special Collections, Florida Gulf Coast University, Fort Myers, Florida, USA","Lee County Black History Society, Fort Myers, Florida, USA",,,,In Copyright – Non-Commercial Use Permitted,http://rightsstatements.org/vocab/InC-NC/1.0/,Text,eng,
fgcu_bhs_0466,fgcu_bhs_0466.jpg,,Woman Standing Outside of Dunbar High School,image/jpeg,"Physical materials included in the Lee County Black History Society digital collection can be found at the https://www.leecountyblackhistorysociety.org/, Fort Myers, FL.",,,,,single-page; photographs,African American high school students; African American women; African American schools,"(Lee County, Fla.); Fort Myers (Fla.)",,,,"University Archives and Special Collections, Florida Gulf Coast University, Fort Myers, Florida, USA","Lee County Black History Society, Fort Myers, Florida, USA",,,,In Copyright – Non-Commercial Use Permitted,http://rightsstatements.org/vocab/InC-NC/1.0/,Image,eng,
fgcu_bhs_0474,fgcu_bhs_0474.pdf,,"List of Dunbar High School Graduates and Teachers, 1934-1935",application/pdf,"Teachers and graduating students from Dunbar High School, 1934-1935, Physical materials included in the Lee County Black History Society digital collection can be found at the https://www.leecountyblackhistorysociety.org/, Fort Myers, FL.",,,1934-1935,,single-page; pamphlet,African American school children; Dunbar Elementary; Portrait photography; African American elementary schools; School photography,"(Lee County, Fla.); Fort Myers (Fla.)",,,,"University Archives and Special Collections, Florida Gulf Coast University, Fort Myers, Florida, USA","Lee County Black History Society, Fort Myers, Florida, USA",,,,In Copyright – Non-Commercial Use Permitted,http://rightsstatements.org/vocab/InC-NC/1.0/,Text,eng,
fgcu_bhs_0479,fgcu_bhs_0479.jpg,,"Lavern Jefferson, Claudia Watson, and Friends",image/jpeg,"Lavern Jefferson, Claudia Watson, and two others, Physical materials included in the Lee County Black History Society digital collection can be found at the https://www.leecountyblackhistorysociety.org/, Fort Myers, FL.",,,1937,,single-page; photographs,Dunbar High School; African American educators; African Americans,"(Lee County, Fla.); Fort Myers (Fla.)",,,,"University Archives and Special Collections, Florida Gulf Coast University, Fort Myers, Florida, USA","Lee County Black History Society, Fort Myers, Florida, USA",,,,In Copyright – Non-Commercial Use Permitted,http://rightsstatements.org/vocab/InC-NC/1.0/,Image ,eng,
fgcu_bhs_0483,fgcu_bhs_0483.jpg,,Dunbar High School Choir,image/jpeg,"The Dunbar High School Chorus, many years after Mrs. Edison's time. The Directress of the group was Mrs. Edna Barker from 1945 to 1958., Physical materials included in the Lee County Black History Society digital collection can be found at the Lee County Black History Society, Fort Myers, FL.",,,,,single-page; photographs,African American choirs; African American high shool students; Music,"(Lee County, Fla.); Fort Myers (Fla.)",,,,"University Archives and Special Collections, Florida Gulf Coast University, Fort Myers, Florida, USA","Lee County Black History Society, Fort Myers, Florida, USA",,,,In Copyright – Non-Commercial Use Permitted,http://rightsstatements.org/vocab/InC-NC/1.0/,Image,eng,
fgcu_bhs_0495,fgcu_bhs_0495.jpg,,Barbara Pinckney in Cheerleading Uniform,image/jpeg,"Barbara Pinckney in cheerleading uniform, Physical materials included in the Lee County Black History Society digital collection can be found at the https://www.leecountyblackhistorysociety.org/, Fort Myers, FL.",,,1943,,single-page; photographs,African American high school students; Portrait photography; Cheerleaders,"(Lee County, Fla.); Fort Myers (Fla.)",,,,"University Archives and Special Collections, Florida Gulf Coast University, Fort Myers, Florida, USA","Lee County Black History Society, Fort Myers, Florida, USA",,,,In Copyright – Non-Commercial Use Permitted,http://rightsstatements.org/vocab/InC-NC/1.0/,Image,eng,
fgcu_bhs_0503,fgcu_bhs_0503.jpg,,Dunbar High School First Year Band,image/jpeg,"The First Year Band of Dunbar High School from approximately 1942. The band was under the direction of William D. Wheeler., Physical materials included in the Lee County Black History Society digital collection can be found at the https://www.leecountyblackhistorysociety.org/, Fort Myers, FL.",,,,,single-page;photographs,African American high school students; Marching bands; Music,"(Lee County, Fla.); Fort Myers (Fla.)",,,,"University Archives and Special Collections, Florida Gulf Coast University, Fort Myers, Florida, USA","Lee County Black History Society, Fort Myers, Florida, USA",,,,In Copyright – Non-Commercial Use Permitted,http://rightsstatements.org/vocab/InC-NC/1.0/,Image,eng,
fgcu_bhs_0506,"fgcu_bhs_0506,.jpg",,Biking to School,image/jpeg,"Two girls with bikes in front of Dunbar High School, Physical materials included in the Lee County Black History Society digital collection can be found at the https://www.leecountyblackhistorysociety.org/, Fort Myers, FL.",Henrietta,,1948,,single-page; photographs,African American girls; Portrait photography; African American high school,"(Lee County, Fla.); Fort Myers (Fla.)",,,,"University Archives and Special Collections, Florida Gulf Coast University, Fort Myers, Florida, USA","Lee County Black History Society, Fort Myers, Florida, USA",,,,In Copyright – Non-Commercial Use Permitted,http://rightsstatements.org/vocab/InC-NC/1.0/,Image,eng,
fgcu_bhs_0511,fgcu_bhs_0511.jpg,,Note from Principal Barker,image/jpeg,"Photo of Principal Edgar Leo Barker and a note written by him, Physical materials included in the Lee County Black History Society digital collection can be found at the https://www.leecountyblackhistorysociety.org/, Fort Myers, FL.","Barker, Edgar Leo",,1949,,single-page; photographs,School principals; African American educators; Correspondence,"(Lee County, Fla.); Fort Myers (Fla.)",,,,"University Archives and Special Collections, Florida Gulf Coast University, Fort Myers, Florida, USA","Lee County Black History Society, Fort Myers, Florida, USA",,,,In Copyright – Non-Commercial Use Permitted,http://rightsstatements.org/vocab/InC-NC/1.0/,Image,eng,
fgcu_bhs_0513,fgcu_bhs_0513.jpg,,Athletics at Dunbar High School,image/jpeg,"Clipping on Coach Mary Francis St. Jacob Smith, the Director of Girl's Physical education, dedication of the Lion's Club of Fort Myers, and the Dunbar High School football captain, Calton White, Physical materials included in the Lee County Black History Society digital collection can be found at the https://www.leecountyblackhistorysociety.org/, Fort Myers, FL.","Smith, Mary Francis St. Jacob, White, Calton",,1950,,single-page; photographs,African American coaches; Athletics; African American educators,"(Lee County, Fla.); Fort Myers (Fla.)",,,,"University Archives and Special Collections, Florida Gulf Coast University, Fort Myers, Florida, USA","Lee County Black History Society, Fort Myers, Florida, USA",,,,In Copyright – Non-Commercial Use Permitted,http://rightsstatements.org/vocab/InC-NC/1.0/,Image,eng,
fgcu_bhs_0516,fgcu_bhs_0516.jpg,,Waltz Time: A Music Comedy in Two Acts,image/jpeg,"Clipping on Coach Mary Francis St. Jacob Smith, the Director of Girl's Physical education, dedication of the Lion's Club of Fort Myers, and the Dunbar High School football captain, Calton White, Physical materials included in the Lee County Black History Society digital collection can be found at the https://www.leecountyblackhistorysociety.org/, Fort Myers, FL.",,,1949,,single-page; photographs,African American high school students; Musicals; School music,"(Lee County, Fla.); Fort Myers (Fla.)",,,,"University Archives and Special Collections, Florida Gulf Coast University, Fort Myers, Florida, USA","Lee County Black History Society, Fort Myers, Florida, USA",,,,In Copyright – Non-Commercial Use Permitted,http://rightsstatements.org/vocab/InC-NC/1.0/,Image,eng,
fgcu_bhs_0522,fgcu_bhs_0522.jpg,,The Quartet of Dunbar,image/jpeg,"Four men in suits posed and looking at the camera. Left to right: Leroy Davis, J.L. Watson, Harold Speck Brown, and Henry Watson, Physical materials included in the Lee County Black History Society digital collection can be found at the https://www.leecountyblackhistorysociety.org/, Fort Myers, FL.","Davis, Leroy, Watson, J. L., Brown, Harold, Watson, Henry",,,,single-page; photographs,African American men; Portrait photography; Music,"(Lee County, Fla.); Fort Myers (Fla.)",,,,"University Archives and Special Collections, Florida Gulf Coast University, Fort Myers, Florida, USA","Lee County Black History Society, Fort Myers, Florida, USA",,,,In Copyright – Non-Commercial Use Permitted,http://rightsstatements.org/vocab/InC-NC/1.0/,Image,eng,
fgcu_bhs_0541,fgcu_bhs_0541.jpg,,Coach B. B. Crowder,image/jpeg,"Coach B.B. Crowder, 1950 - 1951, Physical materials included in the Lee County Black History Society digital collection can be found at the https://www.leecountyblackhistorysociety.org/, Fort Myers, FL.","Crowder, B.B",,1951,,single-page; photographs,African American Male; Dunbar High School; Coaches;--United States; Biography,"(Lee County, Fla.); Fort Myers (Fla.)",,,,"University Archives and Special Collections, Florida Gulf Coast University, Fort Myers, Florida, USA","Lee County Black History Society, Fort Myers, Florida, USA",,,,In Copyright – Non-Commercial Use Permitted,http://rightsstatements.org/vocab/InC-NC/1.0/,Image,eng,
fgcu_bhs_0551,fgcu_bhs_0551.pdf,,Dunbar High School Football Program: Tigers vs. Bobcats,application/pdf,"Program for homecoming football game between the Dunbar High School Tigers and the Lake Shore High School Bobcats; contains photos and lists of names of people and companies involved; donated by Tennessee Luckey Jones on 2003-01-27., Physical materials included in the Lee County Black History Society digital collection can be found at the Lee County Black History Society, Fort Myers, FL.",,,1967-11-10,,single-page; photographs,African American athletics; Football teams; African American high schools,"(Lee County, Fla.); Fort Myers (Fla.)",,,,"University Archives and Special Collections, Florida Gulf Coast University, Fort Myers, Florida, USA","Lee County Black History Society, Fort Myers, Florida, USA",,,,In Copyright – Non-Commercial Use Permitted,http://rightsstatements.org/vocab/InC-NC/1.0/,Image,eng,
fgcu_bhs_0556,fgcu_bhs_0556.jpg,,Class of 1962 Basketball Players,image/jpeg,"Photocopy of a photo showing 3 male basketball players from the Dunbar High School class of 1962, with text of their names overlaid, Physical materials included in the Lee County Black History Society digital collection can be found at the Lee County Black History Society, Fort Myers, FL.","Wesley, Walter, Hall, Norman, Douglas, Charles",,,,single-page; photographs,African American Male; Dunbar High School; Teacher educators; High schools--Alumni and alumnae,"(Lee County, Fla.); Fort Myers (Fla.)",,,,"University Archives and Special Collections, Florida Gulf Coast University, Fort Myers, Florida, USA","Lee County Black History Society, Fort Myers, Florida, USA",,,,In Copyright – Non-Commercial Use Permitted,http://rightsstatements.org/vocab/InC-NC/1.0/,Image,eng,
fgcu_bhs_0559,fgcu_bhs_0559.pdf,,Dunbar High School Commencement Activities Class of 1962,application/pdf,"Photocopy of the pages of a program booklet for Dunbar High School's class of 1962 commencement activities schedule, Physical materials included in the Lee County Black History Society digital collection can be found at the Lee County Black History Society, Fort Myers, FL.",,,1962-05-04,,single-page; pamphlet,African Americans; Commencement ceremonies; Resources programs,"(Lee County, Fla.); Fort Myers (Fla.)",,,,"University Archives and Special Collections, Florida Gulf Coast University, Fort Myers, Florida, USA","Lee County Black History Society, Fort Myers, Florida, USA",,,,In Copyright – Non-Commercial Use Permitted,http://rightsstatements.org/vocab/InC-NC/1.0/,Image,eng,
fgcu_bhs_0561,fgcu_bhs_0561.jpg,,"Dr. Henry F. Gilmore, 5th Principal of Dunbar High School",image/jpeg,"Writing on back of image: Dr. Henry F. Gilmore 5th Principal of Dunbar / Dr. Henry F. Gilmore 5th Principal 58-62 2002, Physical materials included in the Lee County Black History Society digital collection can be found at the Lee County Black History Society, Fort Myers, FL.","Gilmore, Henry F.",,,,single-page; photographs,African Americans; Dunbar High School; School principals,"(Lee County, Fla.); Fort Myers (Fla.)",,,,"University Archives and Special Collections, Florida Gulf Coast University, Fort Myers, Florida, USA","Lee County Black History Society, Fort Myers, Florida, USA",,,,In Copyright – Non-Commercial Use Permitted,http://rightsstatements.org/vocab/InC-NC/1.0/,Image,eng,